{
  "urls": [
    "ch0.mp3",
    "ch0.ogg",
    "ch0.m4a"
  ],
  "sprite": {
    "silence": [
      0,
      1000,
      true
    ],
    "BackgroundMusicLoop": [
      1050,
      59297.120181405895
    ],
    "BonusMusicLoop": [
      61099.99999999999,
      46153.8775510204
    ]
  }
}