{
  "urls": [
    "ch10.mp3",
    "ch10.ogg",
    "ch10.m4a"
  ],
  "sprite": {
    "silence": [
      0,
      1000,
      true
    ],
    "CountUpEnd": [
      1050,
      2213.0385487528342
    ],
    "InstantWin2x": [
      4100,
      1696.6666666666672
    ]
  }
}