{
  "urls": [
    "ch11.mp3",
    "ch11.ogg",
    "ch11.m4a"
  ],
  "sprite": {
    "silence": [
      0,
      1000,
      true
    ],
    "BagDrop": [
      1050,
      1199.2290249433106
    ],
    "NumberMatch": [
      3100,
      3134.6938775510203
    ],
    "PrizeWin": [
      7150,
      3461.156462585034
    ]
  }
}