{
  "urls": [
    "ch9.mp3",
    "ch9.ogg",
    "ch9.m4a"
  ],
  "sprite": {
    "silence": [
      0,
      1000,
      true
    ],
    "CountUp": [
      1050,
      840.204081632653
    ],
    "GoldBar9": [
      2100,
      997.2562358276647
    ],
    "InstantWin": [
      3150.0000000000005,
      1696.6666666666672
    ],
    "PrizeBonusReveal": [
      5200.000000000001,
      1903.1972789115646
    ],
    "PrizeBonusTriggered": [
      7250.000000000001,
      2804.7845804988656
    ]
  }
}