{
  "urls": [
    "ch1.mp3",
    "ch1.ogg",
    "ch1.m4a"
  ],
  "sprite": {
    "silence": [
      0,
      1000,
      true
    ],
    "BackgroundMusicTerm_LOSE": [
      1050,
      3213.061224489796
    ],
    "BackgroundMusicTerm_WIN": [
      5100.000000000001,
      5773.061224489795
    ],
    "BetDown": [
      11150,
      1010.3174603174612
    ],
    "Collect": [
      13200.000000000002,
      2034.5804988662142
    ],
    "GoldBar1": [
      16250.000000000004,
      997.2562358276633
    ],
    "NumberMatch": [
      17300,
      3134.693877551019
    ],
    "SpinButton": [
      21349.999999999996,
      1497.5510204081636
    ]
  }
}