{
  "urls": [
    "ch3.mp3",
    "ch3.ogg",
    "ch3.m4a"
  ],
  "sprite": {
    "silence": [
      0,
      1000,
      true
    ],
    "BetMax": [
      1050,
      1846.1678004535147
    ],
    "GoldBar3": [
      3100,
      997.2562358276647
    ],
    "LuckyNumberSelect_1": [
      4150,
      1526.3718820861677
    ],
    "SpinStop": [
      6200,
      3003.310657596372
    ],
    "YourNumberSelect_1": [
      10250,
      1064.1723356009063
    ]
  }
}