{
  "urls": [
    "ch4.mp3",
    "ch4.ogg",
    "ch4.m4a"
  ],
  "sprite": {
    "silence": [
      0,
      1000,
      true
    ],
    "GoldBar4": [
      1050,
      997.2562358276645
    ],
    "LuckyNumberSelect_2": [
      2100,
      1526.3718820861677
    ],
    "Transition": [
      4150,
      3174.671201814059
    ],
    "UI_Click": [
      8200.000000000002,
      648.9795918367349
    ],
    "YourNumberSelect_2": [
      9250.000000000002,
      1480.5895691609976
    ]
  }
}