{
  "urls": [
    "ch5.mp3",
    "ch5.ogg",
    "ch5.m4a"
  ],
  "sprite": {
    "silence": [
      0,
      1000,
      true
    ],
    "GoldBar5": [
      1050,
      997.2562358276645
    ],
    "LuckyNumberSelect_3": [
      2100,
      1526.3718820861677
    ],
    "WheelBonusTransition": [
      4150,
      2449.523809523809
    ],
    "YourNumberSelect_3": [
      7200,
      837.5736961451255
    ]
  }
}